Ani	Ani	Armenian
Artashat	Artashat	Armenian
Artashat	Artaxata	Armenian
Batumi	Batumi	Georgian
Dvin	Dvin	Armenian
Gori	Gori	Georgian
Kars	Kars	Armenian
Kutaisi	Kutaisi	Georgian
Phasis	Phasis	Greek
Sukhumi	Sukhumi	English
Sukhumi	Sokhumi	Georgian
Sukhumi	Tskhumi	Georgian
Sukhumi	Dioscurias	Greek
Sukhumi	Sebastopolis	Latin
Tbilisi	Tbilisi	Georgian
Tbilisi	Tiflis	English
Tigranakert	Tigranakert	Armenian
Vagharshapat	Vagharshapat	Armenian
Vagharshapat	Vardgesavan	Armenian
Vagharshapat	Ejmiatsin	Armenian
Vagharshapat	Kuarlini	Urartian
Van	Van	Armenian
Van	Tushpa	Urartian
Van	Tosp	Armenian